IC_X_CFG_SIZE:,,,,,,,,,,,,,,,,,,,,,,,,,,,,,,,
18,,,,,,,,,,,,,,,,,,,,,,,,,,,,,,,
IC_Y_CFG_SIZE:,,,,,,,,,,,,,,,,,,,,,,,,,,,,,,,
32,,,,,,,,,,,,,,,,,,,,,,,,,,,,,,,
IC_KEY_CFG_SIZE:,,,,,,,,,,,,,,,,,,,,,,,,,,,,,,,
4,,,,,,,,,,,,,,,,,,,,,,,,,,,,,,,
X_Channel:,,,,,,,,,,,,,,,,,,,,,,,,,,,,,,,
18,,,,,,,,,,,,,,,,,,,,,,,,,,,,,,,
Y_Channel:,,,,,,,,,,,,,,,,,,,,,,,,,,,,,,,
32,,,,,,,,,,,,,,,,,,,,,,,,,,,,,,,
AIN_X:,,,,,,,,,,,,,,,,,,,,,,,,,,,,,,,
0,1,2,3,4,5,6,7,8,9,10,11,12,13,14,15,16,17,,,,,,,,,,,,,,
AIN_Y:,,,,,,,,,,,,,,,,,,,,,,,,,,,,,,,
0,1,2,3,4,5,6,7,8,9,10,11,12,13,14,15,16,17,18,19,20,21,22,23,24,25,26,27,28,29,30,31
AIN_KEY:,,,,,,,,,,,,,,,,,,,,,,,,,,,,,,,
0,1,2,0xFF,,,,,,,,,,,,,,,,,,,,,,,,,,,,
PS_Config_Lmt_Short_Rawdata_P:,,,,,,,,,,,,,,,,,,,,,,,,,,,,,,,
14008,14008,14008,14008,14008,14008,14008,14008,14008,14008,14008,14008,14008,14008,14008,14008,14008,14008,,,,,,,,,,,,,,
14008,14008,14008,14008,14008,14008,14008,14008,14008,14008,14008,14008,14008,14008,14008,14008,14008,14008,,,,,,,,,,,,,,
14008,14008,14008,14008,14008,14008,14008,14008,14008,14008,14008,14008,14008,14008,14008,14008,14008,14008,,,,,,,,,,,,,,
14008,14008,14008,14008,14008,14008,14008,14008,14008,14008,14008,14008,14008,14008,14008,14008,14008,14008,,,,,,,,,,,,,,
14008,14008,14008,14008,14008,14008,14008,14008,14008,14008,14008,14008,14008,14008,14008,14008,14008,14008,,,,,,,,,,,,,,
14008,14008,14008,14008,14008,14008,14008,14008,14008,14008,14008,14008,14008,14008,14008,14008,14008,14008,,,,,,,,,,,,,,
14008,14008,14008,14008,14008,14008,14008,14008,14008,14008,14008,14008,14008,14008,14008,14008,14008,14008,,,,,,,,,,,,,,
14008,14008,14008,14008,14008,14008,14008,14008,14008,14008,14008,14008,14008,14008,14008,14008,14008,14008,,,,,,,,,,,,,,
14008,14008,14008,14008,14008,14008,14008,14008,14008,14008,14008,14008,14008,14008,14008,14008,14008,14008,,,,,,,,,,,,,,
14008,14008,14008,14008,14008,14008,14008,14008,14008,14008,14008,14008,14008,14008,14008,14008,14008,14008,,,,,,,,,,,,,,
14008,14008,14008,14008,14008,14008,14008,14008,14008,14008,14008,14008,14008,14008,14008,14008,14008,14008,,,,,,,,,,,,,,
14008,14008,14008,14008,14008,14008,14008,14008,14008,14008,14008,14008,14008,14008,14008,14008,14008,14008,,,,,,,,,,,,,,
14008,14008,14008,14008,14008,14008,14008,14008,14008,14008,14008,14008,14008,14008,14008,14008,14008,14008,,,,,,,,,,,,,,
14008,14008,14008,14008,14008,14008,14008,14008,14008,14008,14008,14008,14008,14008,14008,14008,14008,14008,,,,,,,,,,,,,,
14008,14008,14008,14008,14008,14008,14008,14008,14008,14008,14008,14008,14008,14008,14008,14008,14008,14008,,,,,,,,,,,,,,
14008,14008,14008,14008,14008,14008,14008,14008,14008,14008,14008,14008,14008,14008,14008,14008,14008,14008,,,,,,,,,,,,,,
14008,14008,14008,14008,14008,14008,14008,14008,14008,14008,14008,14008,14008,14008,14008,14008,14008,14008,,,,,,,,,,,,,,
14008,14008,14008,14008,14008,14008,14008,14008,14008,14008,14008,14008,14008,14008,14008,14008,14008,14008,,,,,,,,,,,,,,
14008,14008,14008,14008,14008,14008,14008,14008,14008,14008,14008,14008,14008,14008,14008,14008,14008,14008,,,,,,,,,,,,,,
14008,14008,14008,14008,14008,14008,14008,14008,14008,14008,14008,14008,14008,14008,14008,14008,14008,14008,,,,,,,,,,,,,,
14008,14008,14008,14008,14008,14008,14008,14008,14008,14008,14008,14008,14008,14008,14008,14008,14008,14008,,,,,,,,,,,,,,
14008,14008,14008,14008,14008,14008,14008,14008,14008,14008,14008,14008,14008,14008,14008,14008,14008,14008,,,,,,,,,,,,,,
14008,14008,14008,14008,14008,14008,14008,14008,14008,14008,14008,14008,14008,14008,14008,14008,14008,14008,,,,,,,,,,,,,,
14008,14008,14008,14008,14008,14008,14008,14008,14008,14008,14008,14008,14008,14008,14008,14008,14008,14008,,,,,,,,,,,,,,
14008,14008,14008,14008,14008,14008,14008,14008,14008,14008,14008,14008,14008,14008,14008,14008,14008,14008,,,,,,,,,,,,,,
14008,14008,14008,14008,14008,14008,14008,14008,14008,14008,14008,14008,14008,14008,14008,14008,14008,14008,,,,,,,,,,,,,,
14008,14008,14008,14008,14008,14008,14008,14008,14008,14008,14008,14008,14008,14008,14008,14008,14008,14008,,,,,,,,,,,,,,
14008,14008,14008,14008,14008,14008,14008,14008,14008,14008,14008,14008,14008,14008,14008,14008,14008,14008,,,,,,,,,,,,,,
14008,14008,14008,14008,14008,14008,14008,14008,14008,14008,14008,14008,14008,14008,14008,14008,14008,14008,,,,,,,,,,,,,,
14008,14008,14008,14008,14008,14008,14008,14008,14008,14008,14008,14008,14008,14008,14008,14008,14008,14008,,,,,,,,,,,,,,
14008,14008,14008,14008,14008,14008,14008,14008,14008,14008,14008,14008,14008,14008,14008,14008,14008,14008,,,,,,,,,,,,,,
14008,14008,14008,14008,14008,14008,14008,14008,14008,14008,14008,14008,14008,14008,14008,14008,14008,14008,,,,,,,,,,,,,,
PS_Config_Lmt_Short_Rawdata_N:,,,,,,,,,,,,,,,,,,,,,,,,,,,,,,,
11376,11376,11376,11376,11376,11376,11376,11376,11376,11376,11376,11376,11376,11376,11376,11376,11376,11376,,,,,,,,,,,,,,
11376,11376,11376,11376,11376,11376,11376,11376,11376,11376,11376,11376,11376,11376,11376,11376,11376,11376,,,,,,,,,,,,,,
11376,11376,11376,11376,11376,11376,11376,11376,11376,11376,11376,11376,11376,11376,11376,11376,11376,11376,,,,,,,,,,,,,,
11376,11376,11376,11376,11376,11376,11376,11376,11376,11376,11376,11376,11376,11376,11376,11376,11376,11376,,,,,,,,,,,,,,
11376,11376,11376,11376,11376,11376,11376,11376,11376,11376,11376,11376,11376,11376,11376,11376,11376,11376,,,,,,,,,,,,,,
11376,11376,11376,11376,11376,11376,11376,11376,11376,11376,11376,11376,11376,11376,11376,11376,11376,11376,,,,,,,,,,,,,,
11376,11376,11376,11376,11376,11376,11376,11376,11376,11376,11376,11376,11376,11376,11376,11376,11376,11376,,,,,,,,,,,,,,
11376,11376,11376,11376,11376,11376,11376,11376,11376,11376,11376,11376,11376,11376,11376,11376,11376,11376,,,,,,,,,,,,,,
11376,11376,11376,11376,11376,11376,11376,11376,11376,11376,11376,11376,11376,11376,11376,11376,11376,11376,,,,,,,,,,,,,,
11376,11376,11376,11376,11376,11376,11376,11376,11376,11376,11376,11376,11376,11376,11376,11376,11376,11376,,,,,,,,,,,,,,
11376,11376,11376,11376,11376,11376,11376,11376,11376,11376,11376,11376,11376,11376,11376,11376,11376,11376,,,,,,,,,,,,,,
11376,11376,11376,11376,11376,11376,11376,11376,11376,11376,11376,11376,11376,11376,11376,11376,11376,11376,,,,,,,,,,,,,,
11376,11376,11376,11376,11376,11376,11376,11376,11376,11376,11376,11376,11376,11376,11376,11376,11376,11376,,,,,,,,,,,,,,
11376,11376,11376,11376,11376,11376,11376,11376,11376,11376,11376,11376,11376,11376,11376,11376,11376,11376,,,,,,,,,,,,,,
11376,11376,11376,11376,11376,11376,11376,11376,11376,11376,11376,11376,11376,11376,11376,11376,11376,11376,,,,,,,,,,,,,,
11376,11376,11376,11376,11376,11376,11376,11376,11376,11376,11376,11376,11376,11376,11376,11376,11376,11376,,,,,,,,,,,,,,
11376,11376,11376,11376,11376,11376,11376,11376,11376,11376,11376,11376,11376,11376,11376,11376,11376,11376,,,,,,,,,,,,,,
11376,11376,11376,11376,11376,11376,11376,11376,11376,11376,11376,11376,11376,11376,11376,11376,11376,11376,,,,,,,,,,,,,,
11376,11376,11376,11376,11376,11376,11376,11376,11376,11376,11376,11376,11376,11376,11376,11376,11376,11376,,,,,,,,,,,,,,
11376,11376,11376,11376,11376,11376,11376,11376,11376,11376,11376,11376,11376,11376,11376,11376,11376,11376,,,,,,,,,,,,,,
11376,11376,11376,11376,11376,11376,11376,11376,11376,11376,11376,11376,11376,11376,11376,11376,11376,11376,,,,,,,,,,,,,,
11376,11376,11376,11376,11376,11376,11376,11376,11376,11376,11376,11376,11376,11376,11376,11376,11376,11376,,,,,,,,,,,,,,
11376,11376,11376,11376,11376,11376,11376,11376,11376,11376,11376,11376,11376,11376,11376,11376,11376,11376,,,,,,,,,,,,,,
11376,11376,11376,11376,11376,11376,11376,11376,11376,11376,11376,11376,11376,11376,11376,11376,11376,11376,,,,,,,,,,,,,,
11376,11376,11376,11376,11376,11376,11376,11376,11376,11376,11376,11376,11376,11376,11376,11376,11376,11376,,,,,,,,,,,,,,
11376,11376,11376,11376,11376,11376,11376,11376,11376,11376,11376,11376,11376,11376,11376,11376,11376,11376,,,,,,,,,,,,,,
11376,11376,11376,11376,11376,11376,11376,11376,11376,11376,11376,11376,11376,11376,11376,11376,11376,11376,,,,,,,,,,,,,,
11376,11376,11376,11376,11376,11376,11376,11376,11376,11376,11376,11376,11376,11376,11376,11376,11376,11376,,,,,,,,,,,,,,
11376,11376,11376,11376,11376,11376,11376,11376,11376,11376,11376,11376,11376,11376,11376,11376,11376,11376,,,,,,,,,,,,,,
11376,11376,11376,11376,11376,11376,11376,11376,11376,11376,11376,11376,11376,11376,11376,11376,11376,11376,,,,,,,,,,,,,,
11376,11376,11376,11376,11376,11376,11376,11376,11376,11376,11376,11376,11376,11376,11376,11376,11376,11376,,,,,,,,,,,,,,
11376,11376,11376,11376,11376,11376,11376,11376,11376,11376,11376,11376,11376,11376,11376,11376,11376,11376,,,,,,,,,,,,,,
PS_Config_Lmt_Open_Rawdata_P:,,,,,,,,,,,,,,,,,,,,,,,,,,,,,,,
65535,4106,4165,4236,4289,4299,4340,4368,4186,3942,4180,4169,4103,4034,3987,3903,3785,65535,,,,,,,,,,,,,,
2496,2571,2569,2562,2553,2545,2536,2532,2464,2478,2534,2538,2543,2548,2538,2528,2520,2443,,,,,,,,,,,,,,
2485,2543,2541,2534,2525,2517,2508,2504,2444,2466,2511,2518,2525,2531,2522,2513,2507,2451,,,,,,,,,,,,,,
2489,2538,2536,2528,2521,2513,2504,2496,2434,2466,2515,2522,2531,2536,2528,2520,2518,2469,,,,,,,,,,,,,,
2500,2529,2528,2520,2510,2504,2496,2489,2427,2447,2497,2501,2507,2514,2510,2501,2501,2468,,,,,,,,,,,,,,
2511,2534,2532,2525,2517,2510,2500,2494,2433,2464,2513,2520,2525,2532,2528,2521,2522,2493,,,,,,,,,,,,,,
2506,2520,2524,2517,2508,2501,2496,2487,2429,2452,2501,2507,2513,2517,2514,2510,2503,2476,,,,,,,,,,,,,,
2525,2535,2536,2531,2521,2515,2510,2504,2445,2458,2513,2511,2518,2524,2522,2520,2514,2496,,,,,,,,,,,,,,
2525,2532,2535,2525,2518,2514,2508,2539,2440,2455,2557,2518,2518,2527,2527,2527,2521,2503,,,,,,,,,,,,,,
2541,2545,2548,2542,2534,2531,2522,2562,2454,2471,2574,2580,2543,2543,2545,2545,2541,2520,,,,,,,,,,,,,,
2536,2542,2543,2536,2531,2527,2555,2556,2450,2457,2557,2566,2573,2534,2528,2529,2525,2514,,,,,,,,,,,,,,
2549,2548,2549,2543,2538,2571,2570,2563,2454,2466,2566,2573,2581,2588,2543,2539,2536,2528,,,,,,,,,,,,,,
2543,2538,2539,2574,2577,2570,2563,2553,2445,2455,2557,2566,2574,2580,2584,2585,2541,2525,,,,,,,,,,,,,,
2560,2552,2594,2598,2591,2584,2576,2564,2459,2478,2580,2587,2595,2601,2608,2609,2609,2555,,,,,,,,,,,,,,
2567,2601,2612,2606,2598,2592,2585,2574,2466,2455,2556,2564,2574,2578,2585,2588,2588,2536,,,,,,,,,,,,,,
2563,2605,2604,2599,2591,2583,2576,2566,2459,2489,2588,2598,2606,2613,2622,2623,2625,2570,,,,,,,,,,,,,,
2585,2623,2620,2620,2615,2609,2602,2591,2483,2468,2566,2577,2583,2590,2604,2609,2613,2567,,,,,,,,,,,,,,
2578,2613,2609,2608,2604,2598,2591,2580,2475,2482,2580,2590,2595,2602,2613,2620,2627,2577,,,,,,,,,,,,,,
2588,2626,2620,2620,2618,2609,2605,2592,2486,2455,2550,2563,2570,2574,2587,2597,2604,2559,,,,,,,,,,,,,,
2577,2609,2604,2602,2598,2595,2588,2576,2472,2479,2577,2591,2597,2602,2612,2622,2627,2580,,,,,,,,,,,,,,
2602,2629,2625,2622,2619,2615,2613,2601,2497,2464,2559,2571,2571,2578,2588,2598,2605,2566,,,,,,,,,,,,,,
2580,2608,2602,2599,2597,2590,2588,2574,2475,2486,2578,2594,2595,2601,2612,2623,2632,2592,,,,,,,,,,,,,,
2597,2623,2618,2615,2612,2605,2605,2590,2492,2465,2556,2571,2573,2578,2590,2601,2611,2573,,,,,,,,,,,,,,
2577,2605,2599,2595,2594,2591,2588,2571,2473,2489,2580,2595,2599,2605,2618,2629,2637,2601,,,,,,,,,,,,,,
2595,2620,2615,2612,2609,2604,2602,2585,2490,2466,2560,2578,2580,2588,2599,2611,2619,2583,,,,,,,,,,,,,,
2591,2615,2608,2605,2602,2598,2594,2578,2483,2490,2580,2599,2604,2609,2620,2632,2639,2605,,,,,,,,,,,,,,
2609,2629,2623,2622,2620,2616,2611,2594,2497,2464,2556,2577,2584,2590,2599,2608,2618,2585,,,,,,,,,,,,,,
2594,2613,2608,2605,2602,2599,2595,2574,2480,2490,2587,2609,2613,2620,2632,2640,2650,2616,,,,,,,,,,,,,,
2622,2641,2634,2632,2630,2625,2619,2597,2496,2462,2567,2592,2598,2605,2616,2627,2637,2605,,,,,,,,,,,,,,
2308,2629,2622,2620,2618,2612,2608,2584,2475,2483,2598,2625,2629,2636,2646,2655,2665,2331,,,,,,,,,,,,,,
2340,2655,2650,2647,2644,2639,2636,2612,2501,2458,2580,2608,2612,2620,2630,2641,2650,2324,,,,,,,,,,,,,,
2433,2599,2643,2639,2636,2630,2629,2606,2487,2496,2938,2966,2973,2982,2991,2998,2956,2766,,,,,,,,,,,,,,
PS_Config_Lmt_Open_Rawdata_N:,,,,,,,,,,,,,,,,,,,,,,,,,,,,,,,
-65535,1759,1785,1815,1838,1842,1860,1872,1794,1689,1791,1786,1758,1729,1708,1672,1622,-65535,,,,,,,,,,,,,,
1069,1102,1101,1098,1094,1090,1087,1085,1056,1062,1086,1087,1090,1092,1087,1083,1080,1047,,,,,,,,,,,,,,
1065,1090,1089,1086,1082,1078,1075,1073,1047,1057,1076,1079,1082,1084,1081,1077,1074,1050,,,,,,,,,,,,,,
1066,1087,1087,1083,1080,1077,1073,1069,1043,1057,1078,1081,1084,1087,1083,1080,1079,1058,,,,,,,,,,,,,,
1071,1084,1083,1080,1075,1073,1069,1066,1040,1048,1070,1072,1074,1077,1075,1072,1072,1057,,,,,,,,,,,,,,
1076,1086,1085,1082,1078,1075,1071,1069,1042,1056,1077,1080,1082,1085,1083,1080,1081,1068,,,,,,,,,,,,,,
1074,1080,1081,1078,1075,1072,1069,1066,1041,1051,1072,1074,1077,1078,1077,1075,1072,1061,,,,,,,,,,,,,,
1082,1086,1087,1084,1080,1078,1075,1073,1048,1053,1077,1076,1079,1081,1081,1080,1077,1069,,,,,,,,,,,,,,
1082,1085,1086,1082,1079,1077,1075,1088,1045,1052,1096,1079,1079,1083,1083,1083,1080,1072,,,,,,,,,,,,,,
1089,1090,1092,1089,1086,1084,1081,1098,1051,1059,1103,1105,1090,1090,1090,1090,1089,1080,,,,,,,,,,,,,,
1087,1089,1090,1087,1084,1083,1095,1095,1050,1053,1096,1099,1102,1086,1083,1084,1082,1077,,,,,,,,,,,,,,
1092,1092,1092,1090,1087,1102,1101,1098,1051,1057,1099,1102,1106,1109,1090,1088,1087,1083,,,,,,,,,,,,,,
1090,1087,1088,1103,1104,1101,1098,1094,1048,1052,1096,1099,1103,1105,1107,1108,1089,1082,,,,,,,,,,,,,,
1097,1093,1111,1113,1110,1107,1104,1099,1054,1062,1105,1108,1112,1114,1117,1118,1118,1095,,,,,,,,,,,,,,
1100,1114,1119,1117,1113,1111,1108,1103,1057,1052,1095,1099,1103,1105,1108,1109,1109,1087,,,,,,,,,,,,,,
1098,1116,1116,1114,1110,1107,1104,1099,1054,1066,1109,1113,1117,1120,1123,1124,1125,1101,,,,,,,,,,,,,,
1108,1124,1123,1123,1120,1118,1115,1110,1064,1057,1099,1104,1107,1110,1116,1118,1120,1100,,,,,,,,,,,,,,
1105,1120,1118,1117,1116,1113,1110,1105,1060,1063,1105,1110,1112,1115,1120,1123,1126,1104,,,,,,,,,,,,,,
1109,1125,1123,1123,1122,1118,1116,1111,1065,1052,1093,1098,1101,1103,1108,1113,1116,1096,,,,,,,,,,,,,,
1104,1118,1116,1115,1113,1112,1109,1104,1059,1062,1104,1110,1113,1115,1119,1123,1126,1105,,,,,,,,,,,,,,
1115,1126,1125,1123,1122,1120,1120,1114,1070,1056,1096,1102,1102,1105,1109,1113,1116,1099,,,,,,,,,,,,,,
1105,1117,1115,1114,1113,1110,1109,1103,1060,1065,1105,1111,1112,1114,1119,1124,1128,1111,,,,,,,,,,,,,,
1113,1124,1122,1120,1119,1116,1116,1110,1068,1056,1095,1102,1102,1105,1110,1114,1119,1102,,,,,,,,,,,,,,
1104,1116,1114,1112,1111,1110,1109,1102,1060,1066,1105,1112,1114,1116,1122,1126,1130,1114,,,,,,,,,,,,,,
1112,1123,1120,1119,1118,1116,1115,1108,1067,1057,1097,1105,1105,1109,1114,1119,1122,1107,,,,,,,,,,,,,,
1110,1120,1117,1116,1115,1113,1111,1105,1064,1067,1105,1114,1116,1118,1123,1128,1131,1116,,,,,,,,,,,,,,
1118,1126,1124,1123,1123,1121,1119,1111,1070,1056,1095,1104,1107,1110,1114,1117,1122,1108,,,,,,,,,,,,,,
1111,1120,1117,1116,1115,1114,1112,1103,1063,1067,1108,1118,1120,1123,1128,1131,1135,1121,,,,,,,,,,,,,,
1123,1132,1129,1128,1127,1125,1122,1113,1069,1055,1100,1111,1113,1116,1121,1126,1130,1116,,,,,,,,,,,,,,
989,1126,1123,1123,1122,1119,1117,1107,1060,1064,1113,1125,1126,1129,1134,1138,1142,999,,,,,,,,,,,,,,
1003,1138,1135,1134,1133,1131,1129,1119,1072,1053,1105,1117,1119,1123,1127,1132,1135,996,,,,,,,,,,,,,,
1042,1114,1132,1131,1129,1127,1126,1117,1066,1069,1259,1271,1274,1278,1282,1285,1267,1185,,,,,,,,,,,,,,
PS_Config_Lmt_FW_Rawdata_P:,,,,,,,,,,,,,,,,,,,,,,,,,,,,,,,
65535,2238,2219,2205,2217,2231,2244,2251,2230,2242,2235,2245,2252,2256,2249,2235,2219,65535,,,,,,,,,,,,,,
2252,2245,2235,2221,2228,2223,2235,2228,2233,2238,2230,2220,2219,2226,2216,2237,2233,2228,,,,,,,,,,,,,,
2221,2248,2247,2249,2240,2249,2245,2241,2241,2210,2221,2223,2219,2238,2252,2234,2220,2228,,,,,,,,,,,,,,
2231,2242,2249,2252,2249,2235,2238,2240,2230,2234,2217,2198,2203,2228,2270,2280,2262,2193,,,,,,,,,,,,,,
2249,2216,2223,2226,2220,2212,2220,2226,2219,2233,2254,2241,2254,2251,2235,2224,2237,2237,,,,,,,,,,,,,,
2256,2234,2240,2237,2223,2221,2233,2223,2216,2240,2234,2233,2247,2259,2242,2255,2245,2240,,,,,,,,,,,,,,
2247,2223,2227,2251,2231,2228,2235,2223,2231,2227,2234,2235,2220,2214,2220,2261,2258,2235,,,,,,,,,,,,,,
2227,2228,2237,2228,2224,2237,2223,2233,2235,2241,2247,2256,2268,2261,2256,2234,2226,2249,,,,,,,,,,,,,,
2255,2228,2235,2228,2228,2240,2228,2231,2224,2233,2234,2230,2240,2242,2226,2221,2234,2234,,,,,,,,,,,,,,
2252,2258,2252,2255,2238,2241,2237,2259,2247,2216,2210,2205,2238,2226,2219,2245,2249,2238,,,,,,,,,,,,,,
2219,2214,2227,2227,2220,2230,2226,2221,2231,2245,2240,2238,2248,2227,2219,2216,2228,2240,,,,,,,,,,,,,,
2251,2205,2221,2209,2237,2227,2217,2217,2219,2251,2248,2230,2226,2216,2223,2254,2234,2216,,,,,,,,,,,,,,
2235,2224,2234,2226,2226,2223,2228,2221,2228,2231,2248,2227,2216,2240,2241,2252,2252,2238,,,,,,,,,,,,,,
2233,2237,2252,2244,2245,2237,2240,2244,2234,2242,2233,2241,2242,2242,2240,2252,2245,2245,,,,,,,,,,,,,,
2234,2241,2244,2244,2242,2249,2244,2244,2242,2263,2244,2237,2247,2241,2227,2252,2242,2252,,,,,,,,,,,,,,
2224,2235,2247,2248,2242,2244,2240,2240,2242,2241,2235,2237,2244,2247,2244,2266,2273,2217,,,,,,,,,,,,,,
2220,2242,2242,2231,2223,2233,2231,2238,2245,2241,2230,2240,2230,2228,2240,2240,2248,2254,,,,,,,,,,,,,,
2237,2245,2258,2210,2220,2209,2209,2227,2235,2245,2238,2238,2241,2226,2227,2245,2237,2241,,,,,,,,,,,,,,
2217,2269,2248,2255,2247,2237,2237,2248,2258,2224,2205,2205,2223,2268,2258,2240,2242,2203,,,,,,,,,,,,,,
2217,2237,2213,2213,2220,2224,2221,2219,2214,2223,2206,2219,2221,2221,2209,2231,2233,2223,,,,,,,,,,,,,,
2242,2235,2231,2234,2230,2221,2227,2228,2228,2254,2242,2240,2226,2231,2240,2242,2270,2245,,,,,,,,,,,,,,
2228,2258,2233,2227,2235,2234,2233,2235,2226,2244,2276,2266,2248,2245,2240,2227,2240,2251,,,,,,,,,,,,,,
2230,2238,2207,2207,2196,2203,2207,2206,2214,2244,2230,2228,2237,2251,2227,2233,2244,2248,,,,,,,,,,,,,,
2227,2237,2238,2244,2242,2242,2234,2235,2242,2231,2259,2261,2252,2245,2237,2245,2244,2224,,,,,,,,,,,,,,
2247,2240,2240,2252,2245,2254,2249,2244,2234,2244,2221,2233,2237,2254,2280,2268,2259,2223,,,,,,,,,,,,,,
2214,2251,2247,2234,2244,2231,2230,2234,2251,2244,2241,2245,2247,2226,2210,2224,2223,2249,,,,,,,,,,,,,,
2198,2255,2261,2268,2263,2263,2259,2254,2219,2237,2221,2223,2241,2227,2230,2228,2226,2244,,,,,,,,,,,,,,
2258,2237,2231,2234,2237,2233,2235,2241,2231,2226,2238,2249,2234,2251,2256,2261,2255,2228,,,,,,,,,,,,,,
2244,2219,2219,2227,2227,2234,2234,2235,2259,2235,2226,2213,2206,2249,2247,2254,2240,2214,,,,,,,,,,,,,,
2226,2228,2242,2230,2237,2240,2240,2231,2241,2235,2249,2238,2234,2233,2252,2249,2255,2231,,,,,,,,,,,,,,
2188,2230,2240,2248,2266,2254,2231,2216,2265,2242,2220,2210,2224,2234,2240,2233,2238,2223,,,,,,,,,,,,,,
2252,2238,2254,2255,2228,2226,2230,2240,2240,2221,2242,2238,2240,2259,2273,2266,2266,2237,,,,,,,,,,,,,,
PS_Config_Lmt_FW_Rawdata_N:,,,,,,,,,,,,,,,,,,,,,,,,,,,,,,,
-65535,959,951,945,950,956,961,964,955,961,958,962,965,967,964,958,951,-65535,,,,,,,,,,,,,,
965,962,958,952,955,952,958,955,957,959,955,951,951,954,949,958,957,955,,,,,,,,,,,,,,
952,963,963,964,960,964,962,960,960,947,952,952,951,959,965,957,951,955,,,,,,,,,,,,,,
956,961,964,965,964,958,959,960,955,957,950,942,944,955,973,977,969,940,,,,,,,,,,,,,,
964,949,952,954,951,948,951,954,951,957,966,960,966,964,958,953,958,958,,,,,,,,,,,,,,
967,957,960,958,952,952,957,952,949,960,957,957,963,968,961,966,962,960,,,,,,,,,,,,,,
963,952,954,964,956,955,958,952,956,954,957,958,951,949,951,969,967,958,,,,,,,,,,,,,,
954,955,958,955,953,958,952,957,958,960,963,967,972,969,967,957,954,964,,,,,,,,,,,,,,
966,955,958,955,955,960,955,956,953,957,957,955,960,961,954,952,957,957,,,,,,,,,,,,,,
965,967,965,966,959,960,958,968,963,949,947,945,959,954,951,962,964,959,,,,,,,,,,,,,,
951,949,954,954,951,955,954,952,956,962,960,959,963,954,951,949,955,960,,,,,,,,,,,,,,
964,945,952,946,958,954,950,950,951,964,963,955,954,949,952,966,957,949,,,,,,,,,,,,,,
958,953,957,954,954,952,955,952,955,956,963,954,949,960,960,965,965,959,,,,,,,,,,,,,,
957,958,965,961,962,958,960,961,957,961,957,960,961,961,960,965,962,962,,,,,,,,,,,,,,
957,960,961,961,961,964,961,961,961,970,961,958,963,960,954,965,961,965,,,,,,,,,,,,,,
953,958,963,963,961,961,960,960,961,960,958,958,961,963,961,971,974,950,,,,,,,,,,,,,,
951,961,961,956,952,957,956,959,962,960,955,960,955,955,960,960,963,966,,,,,,,,,,,,,,
958,962,967,947,951,946,946,954,958,962,959,959,960,954,954,962,958,960,,,,,,,,,,,,,,
950,972,963,966,963,958,958,963,967,953,945,945,952,972,967,960,961,944,,,,,,,,,,,,,,
950,958,948,948,951,953,952,951,949,952,945,951,952,952,946,956,957,952,,,,,,,,,,,,,,
961,958,956,957,955,952,954,955,955,966,961,960,954,956,960,961,973,962,,,,,,,,,,,,,,
955,967,957,954,958,957,957,958,954,961,975,971,963,962,960,954,960,964,,,,,,,,,,,,,,
955,959,946,946,941,944,946,945,949,961,955,955,958,964,954,957,961,963,,,,,,,,,,,,,,
954,958,959,961,961,961,957,958,961,956,968,969,965,962,958,962,961,953,,,,,,,,,,,,,,
963,960,960,965,962,966,964,961,957,961,952,957,958,966,977,972,968,952,,,,,,,,,,,,,,
949,964,963,957,961,956,955,957,964,961,960,962,963,954,947,953,952,964,,,,,,,,,,,,,,
942,966,969,972,970,970,968,966,951,958,952,952,960,954,955,955,954,961,,,,,,,,,,,,,,
967,958,956,957,958,957,958,960,956,954,959,964,957,964,967,969,966,955,,,,,,,,,,,,,,
961,951,951,954,954,957,957,958,968,958,954,948,945,964,963,966,960,949,,,,,,,,,,,,,,
954,955,961,955,958,960,960,956,960,958,964,959,957,957,965,964,966,956,,,,,,,,,,,,,,
937,955,960,963,971,966,956,949,970,961,951,947,953,957,960,957,959,952,,,,,,,,,,,,,,
965,959,966,966,955,954,955,960,960,952,961,959,960,968,974,971,971,958,,,,,,,,,,,,,,
PS_Config_Lmt_FW_CC_P:,,,,,,,,,,,,,,,,,,,,,,,,,,,,,,,
65535,82,82,82,82,82,82,82,81,84,84,84,84,82,82,82,82,65535,,,,,,,,,,,,,,
84,82,82,82,82,82,82,82,82,85,85,85,85,85,85,84,84,85,,,,,,,,,,,,,,
82,82,82,81,81,81,81,81,81,84,84,84,82,82,82,82,82,84,,,,,,,,,,,,,,
84,82,82,82,82,82,82,82,82,85,85,85,85,85,85,85,85,85,,,,,,,,,,,,,,
82,81,81,81,81,81,81,81,81,84,84,82,82,82,82,82,82,84,,,,,,,,,,,,,,
84,84,84,84,84,84,84,84,84,85,85,85,85,85,85,85,85,85,,,,,,,,,,,,,,
82,81,81,81,81,81,81,81,81,84,84,82,82,82,82,82,82,82,,,,,,,,,,,,,,
84,84,84,84,84,84,84,84,82,86,86,86,86,86,86,85,85,86,,,,,,,,,,,,,,
81,81,81,81,81,81,81,81,81,82,82,82,82,82,81,81,81,82,,,,,,,,,,,,,,
84,82,82,82,82,82,82,82,82,86,86,85,85,85,85,85,85,85,,,,,,,,,,,,,,
82,82,82,82,82,82,82,82,82,84,84,84,84,84,84,84,84,84,,,,,,,,,,,,,,
84,82,82,82,82,82,82,82,82,85,85,85,85,85,84,84,84,85,,,,,,,,,,,,,,
81,81,81,81,81,81,81,81,81,84,84,84,84,82,82,82,82,84,,,,,,,,,,,,,,
84,82,82,82,82,82,82,82,82,85,85,85,85,85,85,85,85,85,,,,,,,,,,,,,,
82,81,81,81,81,81,81,81,81,84,84,84,84,82,82,82,82,84,,,,,,,,,,,,,,
84,84,84,84,84,84,84,84,84,85,85,85,85,85,85,84,84,85,,,,,,,,,,,,,,
81,81,81,81,81,81,81,81,81,82,81,81,81,81,81,81,81,81,,,,,,,,,,,,,,
80,78,78,78,78,78,78,78,78,84,84,84,82,82,82,82,82,84,,,,,,,,,,,,,,
81,80,80,80,80,80,80,80,80,81,81,81,81,81,81,81,81,81,,,,,,,,,,,,,,
80,80,80,80,80,80,80,80,80,82,82,82,82,82,82,82,82,82,,,,,,,,,,,,,,
81,80,80,80,81,81,81,81,81,82,81,81,81,81,81,81,81,81,,,,,,,,,,,,,,
81,80,80,80,80,80,80,80,80,84,82,82,82,82,82,82,82,82,,,,,,,,,,,,,,
82,81,81,81,81,81,81,81,81,81,81,81,81,81,81,81,81,81,,,,,,,,,,,,,,
81,80,80,80,80,80,80,80,80,84,82,82,82,82,82,82,82,84,,,,,,,,,,,,,,
81,81,81,81,81,81,81,81,81,81,81,81,80,80,80,80,80,81,,,,,,,,,,,,,,
80,78,78,78,78,78,78,78,80,82,82,82,82,82,82,82,82,82,,,,,,,,,,,,,,
82,81,81,81,81,81,81,81,81,82,81,81,81,81,81,81,81,81,,,,,,,,,,,,,,
80,80,80,80,78,78,78,78,80,85,84,84,84,82,82,82,82,84,,,,,,,,,,,,,,
82,81,81,81,81,81,81,81,81,81,80,80,80,80,80,80,80,80,,,,,,,,,,,,,,
80,78,78,78,78,78,78,78,80,84,82,82,82,82,82,82,82,82,,,,,,,,,,,,,,
81,80,80,80,80,80,80,80,81,82,81,81,81,80,80,80,80,80,,,,,,,,,,,,,,
81,81,81,81,81,81,81,81,84,86,84,84,84,82,82,82,82,82,,,,,,,,,,,,,,
PS_Config_Lmt_FW_CC_N:,,,,,,,,,,,,,,,,,,,,,,,,,,,,,,,
-65535,37,37,37,37,37,37,37,36,37,37,37,37,37,37,37,37,-65535,,,,,,,,,,,,,,
37,37,37,37,37,37,37,37,37,38,38,38,38,38,38,37,37,38,,,,,,,,,,,,,,
37,37,37,36,36,36,36,36,36,37,37,37,37,37,37,37,37,37,,,,,,,,,,,,,,
37,37,37,37,37,37,37,37,37,38,38,38,38,38,38,38,38,38,,,,,,,,,,,,,,
37,36,36,36,36,36,36,36,36,37,37,37,37,37,37,37,37,37,,,,,,,,,,,,,,
37,37,37,37,37,37,37,37,37,38,38,38,38,38,38,38,38,38,,,,,,,,,,,,,,
37,36,36,36,36,36,36,36,36,37,37,37,37,37,37,37,37,37,,,,,,,,,,,,,,
37,37,37,37,37,37,37,37,37,39,39,39,39,39,39,38,38,39,,,,,,,,,,,,,,
36,36,36,36,36,36,36,36,36,37,37,37,37,37,36,36,36,37,,,,,,,,,,,,,,
37,37,37,37,37,37,37,37,37,39,39,38,38,38,38,38,38,38,,,,,,,,,,,,,,
37,37,37,37,37,37,37,37,37,37,37,37,37,37,37,37,37,37,,,,,,,,,,,,,,
37,37,37,37,37,37,37,37,37,38,38,38,38,38,37,37,37,38,,,,,,,,,,,,,,
36,36,36,36,36,36,36,36,36,37,37,37,37,37,37,37,37,37,,,,,,,,,,,,,,
37,37,37,37,37,37,37,37,37,38,38,38,38,38,38,38,38,38,,,,,,,,,,,,,,
37,36,36,36,36,36,36,36,36,37,37,37,37,37,37,37,37,37,,,,,,,,,,,,,,
37,37,37,37,37,37,37,37,37,38,38,38,38,38,38,37,37,38,,,,,,,,,,,,,,
36,36,36,36,36,36,36,36,36,37,36,36,36,36,36,36,36,36,,,,,,,,,,,,,,
35,35,35,35,35,35,35,35,35,37,37,37,37,37,37,37,37,37,,,,,,,,,,,,,,
36,35,35,35,35,35,35,35,35,36,36,36,36,36,36,36,36,36,,,,,,,,,,,,,,
35,35,35,35,35,35,35,35,35,37,37,37,37,37,37,37,37,37,,,,,,,,,,,,,,
36,35,35,35,36,36,36,36,36,37,36,36,36,36,36,36,36,36,,,,,,,,,,,,,,
36,35,35,35,35,35,35,35,35,37,37,37,37,37,37,37,37,37,,,,,,,,,,,,,,
37,36,36,36,36,36,36,36,36,36,36,36,36,36,36,36,36,36,,,,,,,,,,,,,,
36,35,35,35,35,35,35,35,35,37,37,37,37,37,37,37,37,37,,,,,,,,,,,,,,
36,36,36,36,36,36,36,36,36,36,36,36,35,35,35,35,35,36,,,,,,,,,,,,,,
35,35,35,35,35,35,35,35,35,37,37,37,37,37,37,37,37,37,,,,,,,,,,,,,,
37,36,36,36,36,36,36,36,36,37,36,36,36,36,36,36,36,36,,,,,,,,,,,,,,
35,35,35,35,35,35,35,35,35,38,37,37,37,37,37,37,37,37,,,,,,,,,,,,,,
37,36,36,36,36,36,36,36,36,36,35,35,35,35,35,35,35,35,,,,,,,,,,,,,,
35,35,35,35,35,35,35,35,35,37,37,37,37,37,37,37,37,37,,,,,,,,,,,,,,
36,35,35,35,35,35,35,35,36,37,36,36,36,35,35,35,35,35,,,,,,,,,,,,,,
36,36,36,36,36,36,36,36,37,39,37,37,37,37,37,37,37,37,,,,,,,,,,,,,,
PS_Config_Lmt_FW_Diff_P:,,,,,,,,,,,,,,,,,,,,,,,,,,,,,,,
65535,50,50,50,50,50,50,50,50,50,50,50,50,50,50,50,50,65535,,,,,,,,,,,,,,
50,50,50,50,50,50,50,50,50,50,50,50,50,50,50,50,50,50,,,,,,,,,,,,,,
50,50,50,50,50,50,50,50,50,50,50,50,50,50,50,50,50,50,,,,,,,,,,,,,,
50,50,50,50,50,50,50,50,50,50,50,50,50,50,50,50,50,50,,,,,,,,,,,,,,
50,50,50,50,50,50,50,50,50,50,50,50,50,50,50,50,50,50,,,,,,,,,,,,,,
50,50,50,50,50,50,50,50,50,50,50,50,50,50,50,50,50,50,,,,,,,,,,,,,,
50,50,50,50,50,50,50,50,50,50,50,50,50,50,50,50,50,50,,,,,,,,,,,,,,
50,50,50,50,50,50,50,50,50,50,50,50,50,50,50,50,50,50,,,,,,,,,,,,,,
50,50,50,50,50,50,50,50,50,50,50,50,50,50,50,50,50,50,,,,,,,,,,,,,,
50,50,50,50,50,50,50,50,50,50,50,50,50,50,50,50,50,50,,,,,,,,,,,,,,
50,50,50,50,50,50,50,50,50,50,50,50,50,50,50,50,50,50,,,,,,,,,,,,,,
50,50,50,50,50,50,50,50,50,50,50,50,50,50,50,50,50,50,,,,,,,,,,,,,,
50,50,50,50,50,50,50,50,50,50,50,50,50,50,50,50,50,50,,,,,,,,,,,,,,
50,50,50,50,50,50,50,50,50,50,50,50,50,50,50,50,50,50,,,,,,,,,,,,,,
50,50,50,50,50,50,50,50,50,50,50,50,50,50,50,50,50,50,,,,,,,,,,,,,,
50,50,50,50,50,50,50,50,50,50,50,50,50,50,50,50,50,50,,,,,,,,,,,,,,
50,50,50,50,50,50,50,50,50,50,50,50,50,50,50,50,50,50,,,,,,,,,,,,,,
50,50,50,50,50,50,50,50,50,50,50,50,50,50,50,50,50,50,,,,,,,,,,,,,,
50,50,50,50,50,50,50,50,50,50,50,50,50,50,50,50,50,50,,,,,,,,,,,,,,
50,50,50,50,50,50,50,50,50,50,50,50,50,50,50,50,50,50,,,,,,,,,,,,,,
50,50,50,50,50,50,50,50,50,50,50,50,50,50,50,50,50,50,,,,,,,,,,,,,,
50,50,50,50,50,50,50,50,50,50,50,50,50,50,50,50,50,50,,,,,,,,,,,,,,
50,50,50,50,50,50,50,50,50,50,50,50,50,50,50,50,50,50,,,,,,,,,,,,,,
50,50,50,50,50,50,50,50,50,50,50,50,50,50,50,50,50,50,,,,,,,,,,,,,,
50,50,50,50,50,50,50,50,50,50,50,50,50,50,50,50,50,50,,,,,,,,,,,,,,
50,50,50,50,50,50,50,50,50,50,50,50,50,50,50,50,50,50,,,,,,,,,,,,,,
50,50,50,50,50,50,50,50,50,50,50,50,50,50,50,50,50,50,,,,,,,,,,,,,,
50,50,50,50,50,50,50,50,50,50,50,50,50,50,50,50,50,50,,,,,,,,,,,,,,
50,50,50,50,50,50,50,50,50,50,50,50,50,50,50,50,50,50,,,,,,,,,,,,,,
50,50,50,50,50,50,50,50,50,50,50,50,50,50,50,50,50,50,,,,,,,,,,,,,,
50,50,50,50,50,50,50,50,50,50,50,50,50,50,50,50,50,50,,,,,,,,,,,,,,
50,50,50,50,50,50,50,50,50,50,50,50,50,50,50,50,50,50,,,,,,,,,,,,,,
PS_Config_Lmt_FW_Diff_N:,,,,,,,,,,,,,,,,,,,,,,,,,,,,,,,
-65535,-50,-50,-50,-50,-50,-50,-50,-50,-50,-50,-50,-50,-50,-50,-50,-50,-65535,,,,,,,,,,,,,,
-50,-50,-50,-50,-50,-50,-50,-50,-50,-50,-50,-50,-50,-50,-50,-50,-50,-50,,,,,,,,,,,,,,
-50,-50,-50,-50,-50,-50,-50,-50,-50,-50,-50,-50,-50,-50,-50,-50,-50,-50,,,,,,,,,,,,,,
-50,-50,-50,-50,-50,-50,-50,-50,-50,-50,-50,-50,-50,-50,-50,-50,-50,-50,,,,,,,,,,,,,,
-50,-50,-50,-50,-50,-50,-50,-50,-50,-50,-50,-50,-50,-50,-50,-50,-50,-50,,,,,,,,,,,,,,
-50,-50,-50,-50,-50,-50,-50,-50,-50,-50,-50,-50,-50,-50,-50,-50,-50,-50,,,,,,,,,,,,,,
-50,-50,-50,-50,-50,-50,-50,-50,-50,-50,-50,-50,-50,-50,-50,-50,-50,-50,,,,,,,,,,,,,,
-50,-50,-50,-50,-50,-50,-50,-50,-50,-50,-50,-50,-50,-50,-50,-50,-50,-50,,,,,,,,,,,,,,
-50,-50,-50,-50,-50,-50,-50,-50,-50,-50,-50,-50,-50,-50,-50,-50,-50,-50,,,,,,,,,,,,,,
-50,-50,-50,-50,-50,-50,-50,-50,-50,-50,-50,-50,-50,-50,-50,-50,-50,-50,,,,,,,,,,,,,,
-50,-50,-50,-50,-50,-50,-50,-50,-50,-50,-50,-50,-50,-50,-50,-50,-50,-50,,,,,,,,,,,,,,
-50,-50,-50,-50,-50,-50,-50,-50,-50,-50,-50,-50,-50,-50,-50,-50,-50,-50,,,,,,,,,,,,,,
-50,-50,-50,-50,-50,-50,-50,-50,-50,-50,-50,-50,-50,-50,-50,-50,-50,-50,,,,,,,,,,,,,,
-50,-50,-50,-50,-50,-50,-50,-50,-50,-50,-50,-50,-50,-50,-50,-50,-50,-50,,,,,,,,,,,,,,
-50,-50,-50,-50,-50,-50,-50,-50,-50,-50,-50,-50,-50,-50,-50,-50,-50,-50,,,,,,,,,,,,,,
-50,-50,-50,-50,-50,-50,-50,-50,-50,-50,-50,-50,-50,-50,-50,-50,-50,-50,,,,,,,,,,,,,,
-50,-50,-50,-50,-50,-50,-50,-50,-50,-50,-50,-50,-50,-50,-50,-50,-50,-50,,,,,,,,,,,,,,
-50,-50,-50,-50,-50,-50,-50,-50,-50,-50,-50,-50,-50,-50,-50,-50,-50,-50,,,,,,,,,,,,,,
-50,-50,-50,-50,-50,-50,-50,-50,-50,-50,-50,-50,-50,-50,-50,-50,-50,-50,,,,,,,,,,,,,,
-50,-50,-50,-50,-50,-50,-50,-50,-50,-50,-50,-50,-50,-50,-50,-50,-50,-50,,,,,,,,,,,,,,
-50,-50,-50,-50,-50,-50,-50,-50,-50,-50,-50,-50,-50,-50,-50,-50,-50,-50,,,,,,,,,,,,,,
-50,-50,-50,-50,-50,-50,-50,-50,-50,-50,-50,-50,-50,-50,-50,-50,-50,-50,,,,,,,,,,,,,,
-50,-50,-50,-50,-50,-50,-50,-50,-50,-50,-50,-50,-50,-50,-50,-50,-50,-50,,,,,,,,,,,,,,
-50,-50,-50,-50,-50,-50,-50,-50,-50,-50,-50,-50,-50,-50,-50,-50,-50,-50,,,,,,,,,,,,,,
-50,-50,-50,-50,-50,-50,-50,-50,-50,-50,-50,-50,-50,-50,-50,-50,-50,-50,,,,,,,,,,,,,,
-50,-50,-50,-50,-50,-50,-50,-50,-50,-50,-50,-50,-50,-50,-50,-50,-50,-50,,,,,,,,,,,,,,
-50,-50,-50,-50,-50,-50,-50,-50,-50,-50,-50,-50,-50,-50,-50,-50,-50,-50,,,,,,,,,,,,,,
-50,-50,-50,-50,-50,-50,-50,-50,-50,-50,-50,-50,-50,-50,-50,-50,-50,-50,,,,,,,,,,,,,,
-50,-50,-50,-50,-50,-50,-50,-50,-50,-50,-50,-50,-50,-50,-50,-50,-50,-50,,,,,,,,,,,,,,
-50,-50,-50,-50,-50,-50,-50,-50,-50,-50,-50,-50,-50,-50,-50,-50,-50,-50,,,,,,,,,,,,,,
-50,-50,-50,-50,-50,-50,-50,-50,-50,-50,-50,-50,-50,-50,-50,-50,-50,-50,,,,,,,,,,,,,,
-50,-50,-50,-50,-50,-50,-50,-50,-50,-50,-50,-50,-50,-50,-50,-50,-50,-50,,,,,,,,,,,,,,
PS_Config_Diff_Test_Frame:,,,,,,,,,,,,,,,,,,,,,,,,,,,,,,,
50,,,,,,,,,,,,,,,,,,,,,,,,,,,,,,,
